事故内容,事故内容区分,事故類型,事故類型区分,天候,天候区分,昼夜,昼夜区分,時間帯区分,曜日(発生年月日),曜日区分,死者数,発生日時　　分,発生日時　　年,発生日時　　日,発生日時　　時,発生日時　　月,発生日時（年月日）,発生日時（時間）,負傷者数,路線,路線コード,道路形状,道路形状区分,件数,経度,緯度
2,負傷,21,車両相互,1,晴,22,夜－夜,21-24時,2,月,0,02,2020,03,22,02,2020-02-03,22:02,1,一般国道（国道番号）,150,7,交差点付近－その他,1,138.3005555,34.8663888
2,負傷,21,車両相互,1,晴,22,夜－夜,18-21時,2,月,0,15,2020,29,20,06,2020-06-29,20:15,1,一般国道（国道番号）,150,7,交差点付近－その他,1,138.3073611,34.8781388
2,負傷,21,車両相互,1,晴,22,夜－夜,15-18時,2,月,0,55,2020,16,17,11,2020-11-16,17:55,1,一般国道（国道番号）,150,7,交差点付近－その他,1,138.2995,34.8743888
2,負傷,21,車両相互,1,晴,22,夜－夜,18-21時,2,月,0,28,2020,26,19,10,2020-10-26,19:28,1,主要地方道－都道府県道,1030,14,単路－その他,1,138.2891111,34.8714444
2,負傷,21,車両相互,1,晴,22,夜－夜,18-21時,2,月,0,38,2020,21,19,12,2020-12-21,19:38,1,一般国道（国道番号）,150,14,単路－その他,1,138.26675,34.8053333
2,負傷,21,車両相互,1,晴,22,夜－夜,18-21時,2,月,0,40,2020,17,18,02,2020-02-17,18:40,2,一般市町村道,3700,1,交差点－その他,1,138.28275,34.8638888
2,負傷,21,車両相互,1,晴,22,夜－夜,18-21時,2,月,0,35,2020,12,20,10,2020-10-12,20:35,2,一般国道（国道番号）,150,7,交差点付近－その他,1,138.3338888,34.8953333
2,負傷,21,車両相互,1,晴,22,夜－夜,18-21時,3,火,0,01,2020,17,20,11,2020-11-17,20:01,1,一般国道（国道番号）,150,1,交差点－その他,1,138.2995555,34.8686666
2,負傷,21,車両相互,1,晴,22,夜－夜,18-21時,3,火,0,24,2020,03,20,03,2020-03-03,20:24,1,一般市町村道,3700,14,単路－その他,1,138.2739444,34.8111666
2,負傷,21,車両相互,1,晴,22,夜－夜,15-18時,3,火,0,50,2020,17,17,11,2020-11-17,17:50,1,一般都道府県道,2416,14,単路－その他,1,138.3214166,34.8687777
2,負傷,21,車両相互,1,晴,22,夜－夜,18-21時,3,火,0,20,2020,10,18,11,2020-11-10,18:20,2,一般市町村道,3700,14,単路－その他,1,138.2905,34.8535277
2,負傷,21,車両相互,1,晴,22,夜－夜,21-24時,4,水,0,05,2020,17,22,06,2020-06-17,22:05,1,一般都道府県道,2227,1,交差点－その他,1,138.2995277,34.7946111
2,負傷,21,車両相互,1,晴,22,夜－夜,18-21時,4,水,0,25,2020,02,20,09,2020-09-02,20:25,1,一般市町村道,3700,1,交差点－その他,1,138.3119166,34.8329722
2,負傷,21,車両相互,1,晴,22,夜－夜,18-21時,4,水,0,05,2020,28,18,10,2020-10-28,18:05,1,一般都道府県道,2213,1,交差点－その他,1,138.3153333,34.8754444
2,負傷,21,車両相互,1,晴,22,夜－夜,18-21時,4,水,0,10,2020,19,19,02,2020-02-19,19:10,1,一般市町村道,3700,14,単路－その他,1,138.3078611,34.8423611
2,負傷,21,車両相互,1,晴,22,夜－夜,18-21時,4,水,0,00,2020,25,19,11,2020-11-25,19:00,1,一般市町村道,3700,14,単路－その他,1,138.3116388,34.8181388
2,負傷,21,車両相互,1,晴,22,夜－夜,15-18時,4,水,0,50,2020,16,17,12,2020-12-16,17:50,1,一般市町村道,3700,14,単路－その他,1,138.3079444,34.8459444
2,負傷,21,車両相互,1,晴,22,夜－夜,21-24時,4,水,0,00,2020,01,23,04,2020-04-01,23:00,2,一般国道（国道番号）,150,1,交差点－その他,1,138.3001666,34.8550833
2,負傷,21,車両相互,1,晴,22,夜－夜,18-21時,4,水,0,21,2020,11,18,11,2020-11-11,18:21,2,一般都道府県道,2224,12,単路－橋,1,138.2823055,34.8665555
2,負傷,21,車両相互,1,晴,22,夜－夜,18-21時,5,木,0,47,2020,12,19,03,2020-03-12,19:47,1,一般国道（国道番号）,150,1,交差点－その他,1,138.2996388,34.8686666
2,負傷,21,車両相互,1,晴,22,夜－夜,21-24時,5,木,0,59,2020,26,21,03,2020-03-26,21:59,1,一般市町村道,3700,1,交差点－その他,1,138.2961666,34.7909166
2,負傷,21,車両相互,1,晴,22,夜－夜,18-21時,5,木,0,28,2020,19,19,11,2020-11-19,19:28,1,一般市町村道,3700,1,交差点－その他,1,138.2924444,34.8682777
2,負傷,21,車両相互,1,晴,22,夜－夜,15-18時,5,木,0,40,2020,24,17,12,2020-12-24,17:40,1,一般国道（国道番号）,150,1,交差点－その他,1,138.3023055,34.8768333
2,負傷,21,車両相互,1,晴,22,夜－夜,18-21時,5,木,0,15,2020,17,18,12,2020-12-17,18:15,1,一般都道府県道,2226,1,交差点－その他,1,138.2978333,34.83675
2,負傷,21,車両相互,1,晴,22,夜－夜,3-6時,5,木,0,25,2020,03,04,12,2020-12-03,04:25,1,一般市町村道,3700,1,交差点－その他,1,138.3034444,34.8788333
2,負傷,21,車両相互,1,晴,22,夜－夜,18-21時,5,木,0,00,2020,20,19,02,2020-02-20,19:00,1,一般市町村道,3700,13,単路－カーブ・屈折,1,138.2976388,34.8141388
2,負傷,21,車両相互,1,晴,22,夜－夜,18-21時,5,木,0,13,2020,27,20,08,2020-08-27,20:13,1,一般都道府県道,2226,14,単路－その他,1,138.2964444,34.8375
2,負傷,21,車両相互,1,晴,22,夜－夜,18-21時,5,木,0,07,2020,24,19,09,2020-09-24,19:07,1,一般国道（国道番号）,150,14,単路－その他,1,138.3006111,34.8647777
2,負傷,21,車両相互,1,晴,22,夜－夜,15-18時,5,木,0,52,2020,17,17,12,2020-12-17,17:52,1,一般市町村道,3700,14,単路－その他,1,138.2622222,34.8225
2,負傷,21,車両相互,1,晴,22,夜－夜,18-21時,6,金,0,25,2020,07,19,02,2020-02-07,19:25,1,一般市町村道,3700,1,交差点－その他,1,138.3066666,34.869
2,負傷,21,車両相互,1,晴,22,夜－夜,18-21時,6,金,0,25,2020,13,19,11,2020-11-13,19:25,1,一般市町村道,3700,1,交差点－その他,1,138.2842777,34.8045
2,負傷,21,車両相互,1,晴,22,夜－夜,18-21時,6,金,0,15,2020,11,19,12,2020-12-11,19:15,1,一般国道（国道番号）,150,1,交差点－その他,1,138.3039722,34.8773611
2,負傷,21,車両相互,1,晴,22,夜－夜,21-24時,6,金,0,13,2020,04,22,12,2020-12-04,22:13,1,一般市町村道,3700,1,交差点－その他,1,138.3116944,34.8346388
2,負傷,21,車両相互,1,晴,22,夜－夜,21-24時,6,金,0,00,2020,28,22,08,2020-08-28,22:00,1,一般都道府県道,2416,7,交差点付近－その他,1,138.3181666,34.85825
2,負傷,21,車両相互,1,晴,22,夜－夜,0-3時,6,金,0,30,2020,02,02,10,2020-10-02,02:30,1,主要地方道－都道府県道,1030,7,交差点付近－その他,1,138.3201388,34.8666944
2,負傷,21,車両相互,1,晴,22,夜－夜,15-18時,6,金,0,50,2020,06,17,11,2020-11-06,17:50,1,一般国道（国道番号）,150,7,交差点付近－その他,1,138.2792222,34.8159166
2,負傷,21,車両相互,1,晴,22,夜－夜,18-21時,6,金,0,43,2020,21,18,02,2020-02-21,18:43,1,一般国道（国道番号）,150,14,単路－その他,1,138.3011388,34.8602777
2,負傷,21,車両相互,1,晴,22,夜－夜,18-21時,6,金,0,15,2020,27,18,11,2020-11-27,18:15,2,一般都道府県道,2213,1,交差点－その他,1,138.3120833,34.8874166
2,負傷,21,車両相互,1,晴,22,夜－夜,18-21時,6,金,0,25,2020,31,20,07,2020-07-31,20:25,3,一般市町村道,3700,1,交差点－その他,1,138.3225,34.8486388
2,負傷,21,車両相互,1,晴,22,夜－夜,18-21時,7,土,0,35,2020,11,19,04,2020-04-11,19:35,1,主要地方道－都道府県道,1031,1,交差点－その他,1,138.3185555,34.8285833
2,負傷,21,車両相互,1,晴,22,夜－夜,15-18時,7,土,0,55,2020,31,17,10,2020-10-31,17:55,1,一般都道府県道,2416,7,交差点付近－その他,1,138.3178888,34.8490277
2,負傷,21,車両相互,1,晴,22,夜－夜,0-3時,7,土,0,30,2020,07,02,03,2020-03-07,02:30,1,一般市町村道,3700,13,単路－カーブ・屈折,1,138.2930833,34.8474166
2,負傷,21,車両相互,1,晴,23,夜－明,3-6時,1,日,0,30,2020,30,04,08,2020-08-30,04:30,1,一般都道府県道,2416,1,交差点－その他,1,138.3202777,34.8666388
2,負傷,21,車両相互,1,晴,23,夜－明,6-9時,2,月,0,15,2020,17,06,02,2020-02-17,06:15,1,一般国道（国道番号）,150,1,交差点－その他,1,138.2998333,34.8470555
2,負傷,21,車両相互,1,晴,23,夜－明,6-9時,3,火,0,13,2020,29,06,12,2020-12-29,06:13,1,一般市町村道,3700,7,交差点付近－その他,1,138.3027777,34.8591666
2,負傷,21,車両相互,1,晴,23,夜－明,3-6時,4,水,0,46,2020,04,05,11,2020-11-04,05:46,1,一般市町村道,3700,1,交差点－その他,1,138.3113611,34.8181666
2,負傷,21,車両相互,1,晴,23,夜－明,6-9時,6,金,0,40,2020,18,06,12,2020-12-18,06:40,1,一般市町村道,3700,14,単路－その他,1,138.2960277,34.8684722
2,負傷,41,車両単独,1,晴,12,昼－昼,9-12時,4,水,0,10,2020,19,11,02,2020-02-19,11:10,1,一般市町村道,3700,14,単路－その他,1,138.2835833,34.7886944
2,負傷,41,車両単独,1,晴,12,昼－昼,12-15時,5,木,0,53,2020,25,13,06,2020-06-25,13:53,1,一般都道府県道,2224,1,交差点－その他,1,138.285,34.8638333
2,負傷,41,車両単独,1,晴,21,夜－暮,15-18時,7,土,0,20,2020,24,17,10,2020-10-24,17:20,1,一般市町村道,3700,14,単路－その他,1,138.3013333,34.8152222
2,負傷,1,人対車両,2,曇,12,昼－昼,15-18時,1,日,0,45,2020,03,15,05,2020-05-03,15:45,1,一般の交通の用に供するその他の道路,9900,0,一般交通の場所,1,138.3061944,34.8834722
2,負傷,1,人対車両,2,曇,12,昼－昼,15-18時,5,木,0,47,2020,19,15,03,2020-03-19,15:47,1,主要地方道－都道府県道,1081,1,交差点－その他,1,138.3135,34.8728333
2,負傷,1,人対車両,2,曇,12,昼－昼,6-9時,5,木,0,27,2020,22,07,10,2020-10-22,07:27,1,一般市町村道,3700,1,交差点－その他,1,138.2888611,34.8662777
2,負傷,1,人対車両,2,曇,12,昼－昼,9-12時,7,土,0,35,2020,12,11,09,2020-09-12,11:35,1,一般の交通の用に供するその他の道路,9900,0,一般交通の場所,1,138.281,34.8143888
2,負傷,1,人対車両,2,曇,22,夜－夜,18-21時,7,土,0,26,2020,04,20,04,2020-04-04,20:26,1,一般の交通の用に供するその他の道路,9900,0,一般交通の場所,1,138.3088888,34.8392777
2,負傷,1,人対車両,2,曇,22,夜－夜,18-21時,7,土,0,14,2020,22,20,02,2020-02-22,20:14,1,一般市町村道,3700,7,交差点付近－その他,1,138.3109166,34.8599166
2,負傷,21,車両相互,2,曇,11,昼－明,6-9時,6,金,0,25,2020,28,06,02,2020-02-28,06:25,1,一般市町村道,3700,1,交差点－その他,1,138.3149166,34.8716666
2,負傷,21,車両相互,2,曇,11,昼－明,6-9時,6,金,0,14,2020,27,07,11,2020-11-27,07:14,2,一般都道府県道,2416,14,単路－その他,1,138.3179444,34.8486944
2,負傷,21,車両相互,2,曇,12,昼－昼,12-15時,1,日,0,50,2020,01,13,03,2020-03-01,13:50,1,一般市町村道,3700,1,交差点－その他,1,138.3164444,34.8676666
2,負傷,21,車両相互,2,曇,12,昼－昼,12-15時,1,日,0,17,2020,03,12,05,2020-05-03,12:17,1,一般市町村道,3700,7,交差点付近－その他,1,138.2737777,34.7991666
2,負傷,21,車両相互,2,曇,12,昼－昼,9-12時,1,日,0,25,2020,18,11,10,2020-10-18,11:25,1,主要地方道－都道府県道,1081,7,交差点付近－その他,1,138.2961944,34.8849166
2,負傷,21,車両相互,2,曇,12,昼－昼,9-12時,1,日,0,47,2020,22,11,03,2020-03-22,11:47,1,一般市町村道,3700,14,単路－その他,1,138.2988888,34.87475
2,負傷,21,車両相互,2,曇,12,昼－昼,6-9時,1,日,0,20,2020,14,08,06,2020-06-14,08:20,1,一般国道（国道番号）,150,14,単路－その他,1,138.2669722,34.8054444
2,負傷,21,車両相互,2,曇,12,昼－昼,9-12時,1,日,0,30,2020,14,10,06,2020-06-14,10:30,1,一般国道（国道番号）,150,14,単路－その他,1,138.3053888,34.8775555
2,負傷,21,車両相互,2,曇,12,昼－昼,9-12時,1,日,0,31,2020,27,09,09,2020-09-27,09:31,1,一般市町村道,3700,14,単路－その他,1,138.3003611,34.8744722
2,負傷,21,車両相互,2,曇,12,昼－昼,9-12時,1,日,0,29,2020,05,10,07,2020-07-05,10:29,2,一般の交通の用に供するその他の道路,9900,0,一般交通の場所,1,138.2735833,34.7995277
2,負傷,21,車両相互,2,曇,12,昼－昼,12-15時,1,日,0,39,2020,28,13,06,2020-06-28,13:39,2,一般市町村道,3700,1,交差点－その他,1,138.2946944,34.8590555
2,負傷,21,車両相互,2,曇,12,昼－昼,15-18時,1,日,0,00,2020,19,17,07,2020-07-19,17:00,2,一般国道（国道番号）,150,14,単路－その他,1,138.3166666,34.8804166
2,負傷,21,車両相互,2,曇,12,昼－昼,12-15時,2,月,0,30,2020,01,12,06,2020-06-01,12:30,1,一般市町村道,3700,1,交差点－その他,1,138.2797777,34.8680277
2,負傷,21,車両相互,2,曇,12,昼－昼,9-12時,2,月,0,50,2020,05,09,10,2020-10-05,09:50,1,一般都道府県道,2224,1,交差点－その他,1,138.2909722,34.84675
2,負傷,21,車両相互,2,曇,12,昼－昼,12-15時,2,月,0,20,2020,04,12,05,2020-05-04,12:20,1,一般市町村道,3700,7,交差点付近－その他,1,138.3070833,34.8381944
2,負傷,21,車両相互,2,曇,12,昼－昼,9-12時,2,月,0,15,2020,27,11,07,2020-07-27,11:15,1,一般市町村道,3700,7,交差点付近－その他,1,138.3153611,34.8636944
2,負傷,21,車両相互,2,曇,12,昼－昼,15-18時,2,月,0,47,2020,22,17,06,2020-06-22,17:47,1,一般市町村道,3700,14,単路－その他,1,138.3076388,34.861
2,負傷,21,車両相互,2,曇,12,昼－昼,15-18時,2,月,0,08,2020,27,16,07,2020-07-27,16:08,1,一般市町村道,3700,14,単路－その他,1,138.3143055,34.8178888
2,負傷,21,車両相互,2,曇,12,昼－昼,15-18時,2,月,0,00,2020,07,17,09,2020-09-07,17:00,2,一般市町村道,3700,7,交差点付近－その他,1,138.3031388,34.8781388
2,負傷,21,車両相互,2,曇,12,昼－昼,6-9時,2,月,0,52,2020,01,07,06,2020-06-01,07:52,2,主要地方道－都道府県道,1081,14,単路－その他,1,138.2970277,34.8844444
2,負傷,21,車両相互,2,曇,12,昼－昼,9-12時,2,月,0,55,2020,01,11,06,2020-06-01,11:55,2,主要地方道－都道府県道,1081,14,単路－その他,1,138.3045277,34.8810555
2,負傷,21,車両相互,2,曇,12,昼－昼,9-12時,3,火,0,00,2020,21,11,04,2020-04-21,11:00,1,一般市町村道,3700,1,交差点－その他,1,138.3286944,34.8313055
2,負傷,21,車両相互,2,曇,12,昼－昼,15-18時,3,火,0,02,2020,26,16,05,2020-05-26,16:02,1,一般市町村道,3700,1,交差点－その他,1,138.2889166,34.8364444
2,負傷,21,車両相互,2,曇,12,昼－昼,6-9時,3,火,0,20,2020,16,06,06,2020-06-16,06:20,1,主要地方道－都道府県道,1031,1,交差点－その他,1,138.3003611,34.7954722
2,負傷,21,車両相互,2,曇,12,昼－昼,6-9時,3,火,0,45,2020,07,07,07,2020-07-07,07:45,1,主要地方道－都道府県道,1030,1,交差点－その他,1,138.2951666,34.8719166
2,負傷,21,車両相互,2,曇,12,昼－昼,6-9時,3,火,0,20,2020,28,07,07,2020-07-28,07:20,1,一般市町村道,3700,1,交差点－その他,1,138.2778888,34.8085277
2,負傷,21,車両相互,2,曇,12,昼－昼,6-9時,3,火,0,54,2020,07,08,07,2020-07-07,08:54,1,一般市町村道,3700,1,交差点－その他,1,138.2960833,34.7908333
2,負傷,21,車両相互,2,曇,12,昼－昼,12-15時,3,火,0,25,2020,28,14,07,2020-07-28,14:25,1,一般市町村道,3700,1,交差点－その他,1,138.2844166,34.815
2,負傷,21,車両相互,2,曇,12,昼－昼,6-9時,3,火,0,20,2020,15,07,09,2020-09-15,07:20,1,一般市町村道,3700,1,交差点－その他,1,138.2922777,34.8295277
2,負傷,21,車両相互,2,曇,12,昼－昼,15-18時,3,火,0,35,2020,21,15,04,2020-04-21,15:35,1,一般都道府県道,2224,7,交差点付近－その他,1,138.28825,34.8587777
2,負傷,21,車両相互,2,曇,12,昼－昼,15-18時,3,火,0,40,2020,19,17,05,2020-05-19,17:40,1,一般国道（国道番号）,150,7,交差点付近－その他,1,138.2714722,34.8094166
2,負傷,21,車両相互,2,曇,12,昼－昼,15-18時,3,火,0,40,2020,18,16,08,2020-08-18,16:40,1,一般国道（国道番号）,150,7,交差点付近－その他,1,138.2996111,34.8688333
2,負傷,21,車両相互,2,曇,12,昼－昼,6-9時,3,火,0,45,2020,30,08,06,2020-06-30,08:45,1,一般市町村道,3700,13,単路－カーブ・屈折,1,138.3218611,34.8212777
2,負傷,21,車両相互,2,曇,12,昼－昼,6-9時,3,火,0,27,2020,31,07,03,2020-03-31,07:27,1,一般国道（国道番号）,150,14,単路－その他,1,138.3213055,34.8831111
2,負傷,21,車両相互,2,曇,12,昼－昼,6-9時,3,火,0,14,2020,28,07,07,2020-07-28,07:14,1,一般国道（国道番号）,150,14,単路－その他,1,138.3010555,34.8762222
2,負傷,21,車両相互,2,曇,12,昼－昼,6-9時,3,火,0,27,2020,16,06,06,2020-06-16,06:27,2,一般市町村道,3700,1,交差点－その他,1,138.3087222,34.8595555
2,負傷,21,車両相互,2,曇,12,昼－昼,12-15時,4,水,0,30,2020,20,13,05,2020-05-20,13:30,1,一般都道府県道,2227,1,交差点－その他,1,138.2891388,34.8059722
2,負傷,21,車両相互,2,曇,12,昼－昼,6-9時,4,水,0,28,2020,16,07,09,2020-09-16,07:28,1,一般国道（国道番号）,150,1,交差点－その他,1,138.2996111,34.8695277
2,負傷,21,車両相互,2,曇,12,昼－昼,9-12時,4,水,0,45,2020,16,10,09,2020-09-16,10:45,1,一般市町村道,3700,1,交差点－その他,1,138.3083055,34.8488888
2,負傷,21,車両相互,2,曇,12,昼－昼,15-18時,4,水,0,35,2020,29,17,07,2020-07-29,17:35,1,一般市町村道,3700,7,交差点付近－その他,1,138.3083611,34.8397777
2,負傷,21,車両相互,2,曇,12,昼－昼,6-9時,4,水,0,18,2020,16,07,09,2020-09-16,07:18,1,一般市町村道,3700,7,交差点付近－その他,1,138.3063611,34.8715555
2,負傷,21,車両相互,2,曇,12,昼－昼,6-9時,4,水,0,39,2020,09,08,12,2020-12-09,08:39,1,一般国道（国道番号）,150,7,交差点付近－その他,1,138.2995277,34.8516111
2,負傷,21,車両相互,2,曇,12,昼－昼,15-18時,4,水,0,55,2020,26,15,02,2020-02-26,15:55,1,一般都道府県道,2222,14,単路－その他,1,138.3131944,34.8638888
2,負傷,21,車両相互,2,曇,12,昼－昼,12-15時,4,水,0,25,2020,26,12,02,2020-02-26,12:25,1,一般市町村道,3700,14,単路－その他,1,138.3125,34.8453611
2,負傷,21,車両相互,2,曇,12,昼－昼,6-9時,4,水,0,08,2020,01,06,07,2020-07-01,06:08,1,一般国道（国道番号）,150,14,単路－その他,1,138.3004722,34.8366666
2,負傷,21,車両相互,2,曇,12,昼－昼,9-12時,4,水,0,20,2020,23,10,09,2020-09-23,10:20,1,一般市町村道,3700,14,単路－その他,1,138.27825,34.8166666
2,負傷,21,車両相互,2,曇,12,昼－昼,9-12時,4,水,0,50,2020,04,10,03,2020-03-04,10:50,2,一般の交通の用に供するその他の道路,9900,0,一般交通の場所,1,138.3081388,34.8446944
2,負傷,21,車両相互,2,曇,12,昼－昼,15-18時,4,水,0,53,2020,20,16,05,2020-05-20,16:53,2,一般市町村道,3700,1,交差点－その他,1,138.3125277,34.8471944
2,負傷,21,車両相互,2,曇,12,昼－昼,15-18時,4,水,0,05,2020,06,17,05,2020-05-06,17:05,2,一般国道（国道番号）,150,7,交差点付近－その他,1,138.3336666,34.8951388
2,負傷,21,車両相互,2,曇,12,昼－昼,6-9時,4,水,0,26,2020,10,08,06,2020-06-10,08:26,2,一般国道（国道番号）,150,7,交差点付近－その他,1,138.2998611,34.8748055
2,負傷,21,車両相互,2,曇,12,昼－昼,15-18時,4,水,0,45,2020,29,15,07,2020-07-29,15:45,4,一般市町村道,3700,7,交差点付近－その他,1,138.3100277,34.8603888
2,負傷,21,車両相互,2,曇,12,昼－昼,6-9時,5,木,0,20,2020,21,07,05,2020-05-21,07:20,1,一般市町村道,3700,1,交差点－その他,1,138.2957777,34.8274444
2,負傷,21,車両相互,2,曇,12,昼－昼,9-12時,5,木,0,30,2020,11,10,06,2020-06-11,10:30,1,一般市町村道,3700,1,交差点－その他,1,138.2956388,34.8601388
2,負傷,21,車両相互,2,曇,12,昼－昼,6-9時,5,木,0,00,2020,10,07,09,2020-09-10,07:00,1,一般市町村道,3700,1,交差点－その他,1,138.32325,34.869
2,負傷,21,車両相互,2,曇,12,昼－昼,6-9時,5,木,0,10,2020,10,07,09,2020-09-10,07:10,1,一般市町村道,3700,1,交差点－その他,1,138.3126111,34.8428333
2,負傷,21,車両相互,2,曇,12,昼－昼,9-12時,5,木,0,50,2020,22,09,10,2020-10-22,09:50,1,一般市町村道,3700,1,交差点－その他,1,138.3341944,34.8812222
2,負傷,21,車両相互,2,曇,12,昼－昼,6-9時,5,木,0,40,2020,20,07,02,2020-02-20,07:40,1,一般市町村道,3700,7,交差点付近－その他,1,138.311,34.8163055
2,負傷,21,車両相互,2,曇,12,昼－昼,6-9時,5,木,0,23,2020,11,07,06,2020-06-11,07:23,1,一般市町村道,3700,7,交差点付近－その他,1,138.2858055,34.8679166
2,負傷,21,車両相互,2,曇,12,昼－昼,6-9時,5,木,0,05,2020,10,07,09,2020-09-10,07:05,1,一般都道府県道,2342,14,単路－その他,1,138.2599444,34.8004722
2,負傷,21,車両相互,2,曇,12,昼－昼,9-12時,5,木,0,40,2020,24,11,12,2020-12-24,11:40,1,一般市町村道,3700,14,単路－その他,1,138.3020555,34.8786666
2,負傷,21,車両相互,2,曇,12,昼－昼,9-12時,5,木,0,18,2020,23,11,07,2020-07-23,11:18,3,一般国道（国道番号）,150,1,交差点－その他,1,138.304,34.8773055
2,負傷,21,車両相互,2,曇,12,昼－昼,15-18時,6,金,0,38,2020,31,17,07,2020-07-31,17:38,1,一般市町村道,3700,1,交差点－その他,1,138.3178888,34.8661388
2,負傷,21,車両相互,2,曇,12,昼－昼,9-12時,7,土,0,30,2020,15,11,02,2020-02-15,11:30,1,一般都道府県道,2213,1,交差点－その他,1,138.2845277,34.8644166
2,負傷,21,車両相互,2,曇,12,昼－昼,9-12時,7,土,0,09,2020,15,09,02,2020-02-15,09:09,1,一般市町村道,3700,1,交差点－その他,1,138.3149444,34.8716944
2,負傷,21,車両相互,2,曇,12,昼－昼,6-9時,7,土,0,30,2020,04,07,07,2020-07-04,07:30,1,一般市町村道,3700,1,交差点－その他,1,138.3253055,34.8310833
2,負傷,21,車両相互,2,曇,12,昼－昼,15-18時,7,土,0,44,2020,28,15,03,2020-03-28,15:44,2,一般国道（国道番号）,150,14,単路－その他,1,138.2992777,34.8738611
2,負傷,21,車両相互,2,曇,12,昼－昼,12-15時,7,土,0,13,2020,25,12,07,2020-07-25,12:13,3,一般国道（国道番号）,150,1,交差点－その他,1,138.3001944,34.8670555
2,負傷,21,車両相互,2,曇,12,昼－昼,15-18時,7,土,0,03,2020,26,16,09,2020-09-26,16:03,3,一般国道（国道番号）,150,1,交差点－その他,1,138.3010833,34.8594444
2,負傷,21,車両相互,2,曇,13,昼－暮,15-18時,1,日,0,53,2020,08,15,11,2020-11-08,15:53,5,一般市町村道,3700,14,単路－その他,1,138.3120833,34.8588888
2,負傷,21,車両相互,2,曇,13,昼－暮,15-18時,2,月,0,50,2020,14,17,09,2020-09-14,17:50,1,一般市町村道,3700,14,単路－その他,1,138.28775,34.8534444
2,負傷,21,車両相互,2,曇,13,昼－暮,15-18時,5,木,0,00,2020,24,16,12,2020-12-24,16:00,1,一般市町村道,3700,1,交差点－その他,1,138.3208055,34.8225555
2,負傷,21,車両相互,2,曇,13,昼－暮,18-21時,6,金,0,01,2020,31,18,07,2020-07-31,18:01,3,一般都道府県道,2224,14,単路－その他,1,138.2887222,34.8545